tas,	Year, Month, Country
19.7442,1901,1,24.6243
20.2406,1901,2,16.2715
22.1572,1901,3,42.3639
25.3467,1901,4,83.978
26.7649,1901,5,162.14
27.0544,1901,6,219.261
27.0121,1901,7,258.113
26.6755,1901,8,243.576
26.0196,1901,9,266.886
24.6867,1901,10,207.977
22.4678,1901,11,141.316
20.2175,1901,12,57.2224
19.8541,1902,1,29.6208
19.6138,1902,2,16.9914
22.9779,1902,3,32.9155
25.453,1902,4,73.069
27.2245,1902,5,146.329
27.0939,1902,6,210.238
27.0022,1902,7,204.606
26.7933,1902,8,310.489
25.9517,1902,9,185.866
24.6336,1902,10,221.432
22.8853,1902,11,140.036
21.0551,1902,12,117.289
19.4264,1903,1,21.2046
20.1201,1903,2,34.8725
22.9564,1903,3,28.8778
25.9762,1903,4,47.4915
26.6195,1903,5,120.436
26.8618,1903,6,190.991
26.8755,1903,7,297.298
26.3445,1903,8,267.882
25.5127,1903,9,283.117
24.5631,1903,10,245.285
21.7019,1903,11,134.418
18.8439,1903,12,61.5079
18.4279,1904,1,15.574
20.4542,1904,2,12.4653
21.7418,1904,3,30.8583
24.7911,1904,4,81.7502
26.3276,1904,5,241.263
26.8603,1904,6,293.484
26.7429,1904,7,323.141
26.6843,1904,8,268.649
26.1428,1904,9,272.68
24.8926,1904,10,219.869
22.0231,1904,11,163.82
19.3703,1904,12,71.5156
20.6991,1905,1,17.2999
20.5459,1905,2,18.7016
21.1576,1905,3,60.0681
24.917,1905,4,46.6899
26.9441,1905,5,147.268
27.1493,1905,6,254.158
27.0759,1905,7,194.004
26.7677,1905,8,195.873
26.2378,1905,9,335.829
24.8232,1905,10,199.159
22.7442,1905,11,149.183
21.9876,1905,12,78.5785
20.1325,1906,1,50.2122
21.3171,1906,2,9.32183
21.8135,1906,3,27.5938
25.4722,1906,4,49.7408
27.1468,1906,5,220.613
27.5584,1906,6,208.202
27.3663,1906,7,208.181
27.0919,1906,8,189.32
26.5702,1906,9,338.62
24.5204,1906,10,169.922
21.9425,1906,11,132.931
20.5509,1906,12,67.2002
19.805,1907,1,40.3498
20.4623,1907,2,30.653
21.5803,1907,3,36.3949
24.7837,1907,4,66.3495
26.354,1907,5,166.088
26.6484,1907,6,170.771
26.907,1907,7,208.8
26.7279,1907,8,257.66
26.01,1907,9,236.306
25.1829,1907,10,271.668
23.0292,1907,11,164.83
19.4259,1907,12,77.3046
19.8763,1908,1,80.7093
20.2923,1908,2,47.4395
21.5604,1908,3,28.7764
25.0713,1908,4,50.4546
26.4725,1908,5,191.498
26.9422,1908,6,251.748
26.9094,1908,7,210.755
26.7525,1908,8,281.205
26.1199,1908,9,368.128
24.7825,1908,10,215.135
22.0904,1908,11,150.493
20.2436,1908,12,84.2188
19.5941,1909,1,45.9201
20.8169,1909,2,36.0978
22.2486,1909,3,37.4464
25.23,1909,4,52.6075
26.0395,1909,5,231.072
27.169,1909,6,229.055
26.884,1909,7,283.916
26.9464,1909,8,334.773
26.5795,1909,9,277.376
25.2496,1909,10,232.89
22.5366,1909,11,172.567
20.1225,1909,12,54.1028
20.1849,1910,1,36.1242
20.3049,1910,2,44.7372
21.5811,1910,3,70.956
24.9876,1910,4,58.5153
27.1076,1910,5,174.457
27.0149,1910,6,239.387
26.8705,1910,7,205.434
26.8756,1910,8,290.031
25.7518,1910,9,318.33
24.4061,1910,10,216.036
22.3868,1910,11,184.151
19.1722,1910,12,66.4869
19.2574,1911,1,63.2634
20.2443,1911,2,64.5233
22.0751,1911,3,45.7912
25.2675,1911,4,81.3827
26.549,1911,5,198.05
27.339,1911,6,228.678
26.9263,1911,7,245.995
27.0404,1911,8,227.249
26.3742,1911,9,238.777
24.5429,1911,10,195.629
23.149,1911,11,119.721
21.1391,1911,12,53.3474
19.5082,1912,1,63.421
20.7848,1912,2,24.1936
22.8214,1912,3,31.1684
25.4073,1912,4,106.989
27.731,1912,5,153.707
27.5964,1912,6,188.5
26.6894,1912,7,250.286
26.3784,1912,8,221.414
25.6256,1912,9,233.588
24.4241,1912,10,175.489
21.6739,1912,11,240.354
20.008,1912,12,52.4105
19.2835,1913,1,25.3784
20.8853,1913,2,50.2452
21.6073,1913,3,28.2743
25.3371,1913,4,70.576
25.8148,1913,5,204.433
26.9078,1913,6,172.088
26.5561,1913,7,260.643
26.38,1913,8,326.81
25.8716,1913,9,271.822
24.5162,1913,10,193
21.8009,1913,11,193.165
19.7986,1913,12,95.5038
19.3866,1914,1,33.3785
20.9679,1914,2,34.6085
22.5045,1914,3,43.9191
25.6753,1914,4,65.5633
27.3677,1914,5,152.696
26.9035,1914,6,267.062
27.0663,1914,7,277.608
26.4538,1914,8,233.846
25.8293,1914,9,189.752
24.3534,1914,10,248.902
22.4094,1914,11,124.785
20.9227,1914,12,98.4724
19.7414,1915,1,11.1021
21.5297,1915,2,8.03026
22.3597,1915,3,45.8907
25.8695,1915,4,52.4092
26.4653,1915,5,156.143
27.2969,1915,6,241.656
26.8358,1915,7,298.222
26.9775,1915,8,280.642
25.8434,1915,9,269.17
25.2105,1915,10,345.662
22.2299,1915,11,117.615
19.5096,1915,12,94.2882
18.9564,1916,1,20.1506
20.463,1916,2,12.4169
22.0107,1916,3,66.9244
25.4573,1916,4,50.0665
27.0004,1916,5,161.311
26.8282,1916,6,269.343
27.0423,1916,7,194.574
26.8892,1916,8,219.406
25.9188,1916,9,335.736
24.2556,1916,10,197.402
21.7417,1916,11,91.5741
19.7609,1916,12,47.9915
18.8209,1917,1,23.9796
20.164,1917,2,8.5481
21.0427,1917,3,35.0203
25.1675,1917,4,48.9509
26.5491,1917,5,130.391
26.7358,1917,6,230.82
26.6752,1917,7,286.253
26.4568,1917,8,259.477
25.9243,1917,9,296.054
24.4013,1917,10,274.979
22.1639,1917,11,216.404
19.336,1917,12,56.4445
17.9119,1918,1,16.1549
19.5917,1918,2,28.7493
21.7097,1918,3,45.0492
24.6076,1918,4,65.6988
26.18,1918,5,229.856
26.7117,1918,6,250.671
27.279,1918,7,247.453
26.4162,1918,8,289.637
26.384,1918,9,299.911
25.0389,1918,10,269.011
22.7141,1918,11,137.181
21.4196,1918,12,53.4269
20.1148,1919,1,8.2541
20.4996,1919,2,16.1876
23.4725,1919,3,25.1618
25.9429,1919,4,54.0424
27.0922,1919,5,160.836
27.2809,1919,6,212.827
26.971,1919,7,252.769
26.9791,1919,8,343.243
25.7586,1919,9,201.547
24.3741,1919,10,165.403
22.2408,1919,11,149.833
20.4771,1919,12,45.7515
18.9345,1920,1,21.3448
20.1344,1920,2,21.7186
22.329,1920,3,41.243
25.1469,1920,4,73.286
26.9748,1920,5,173.623
27.1841,1920,6,179.505
27.1981,1920,7,284.524
26.778,1920,8,275.898
26.3178,1920,9,345.219
24.2482,1920,10,234.579
23.028,1920,11,168.775
20.5506,1920,12,108.356
19.4093,1921,1,44.802
20.2278,1921,2,36.9018
22.3285,1921,3,88.0249
25.6957,1921,4,46.7199
26.6225,1921,5,219.701
27.2872,1921,6,194.638
26.724,1921,7,275.73
26.9869,1921,8,312.522
25.6677,1921,9,286.605
24.3904,1921,10,185.596
21.9224,1921,11,84.5353
20.8419,1921,12,41.2094
20.322,1922,1,30.5491
21.8673,1922,2,17.1872
21.9689,1922,3,52.9871
25.6623,1922,4,58.2854
27.7169,1922,5,122.198
27.4566,1922,6,218.006
26.8105,1922,7,314.528
26.9306,1922,8,275.673
26.2717,1922,9,274.662
24.6882,1922,10,154.45
21.9891,1922,11,148.52
20.0261,1922,12,63.0568
20.0508,1923,1,23.836
20.1509,1923,2,17.9395
22.7063,1923,3,38.0408
25.103,1923,4,111.672
26.2262,1923,5,177.523
26.584,1923,6,284.311
26.6768,1923,7,243.543
26.3067,1923,8,261.543
26.2835,1923,9,242.814
24.8983,1923,10,243.241
23.3649,1923,11,140.774
21.0676,1923,12,60.634
20.4724,1924,1,75.3609
20.9607,1924,2,16.0587
22.3698,1924,3,33.8549
25.2037,1924,4,63.8053
27.4779,1924,5,185.087
27.1136,1924,6,294.418
26.5077,1924,7,348.074
26.8958,1924,8,307.497
26.8418,1924,9,180.908
24.6827,1924,10,221.077
22.9255,1924,11,84.6819
20.0691,1924,12,35.7835
18.9411,1925,1,30.9026
19.2842,1925,2,6.90479
21.9655,1925,3,87.2118
23.7746,1925,4,80.6658
26.9247,1925,5,168.791
26.9689,1925,6,240.679
27.1998,1925,7,258.031
27.2379,1925,8,190.62
26.3273,1925,9,251.569
24.1456,1925,10,176.49
23.0768,1925,11,112.602
19.7553,1925,12,52.3399
20.0756,1926,1,20.9913
20.6115,1926,2,34.6956
22.0303,1926,3,53.8812
26.0876,1926,4,42.5275
27.571,1926,5,126.572
27.0669,1926,6,294.301
27.279,1926,7,293.742
26.6134,1926,8,345.663
26.5832,1926,9,304.312
23.9948,1926,10,233.424
22.8009,1926,11,126.608
20.6531,1926,12,78.2989
19.9111,1927,1,10.4273
20.4462,1927,2,36.0575
21.9545,1927,3,34.6698
24.5236,1927,4,99.8502
26.5067,1927,5,201.222
27.1421,1927,6,261.271
27.1265,1927,7,294.837
27.0664,1927,8,259.195
25.8663,1927,9,278.555
24.4299,1927,10,290.49
23.2177,1927,11,118.582
21.5092,1927,12,41.2015
21.6696,1928,1,11.933
19.9237,1928,2,74.4238
23.2143,1928,3,22.9793
25.4788,1928,4,75.3933
27.3239,1928,5,221.521
26.9926,1928,6,218.528
27.3613,1928,7,269.136
27.1713,1928,8,310.459
26.4035,1928,9,224.501
23.1739,1928,10,170.813
21.6339,1928,11,118.471
21.6945,1928,12,37.7867
21.1592,1929,1,32.5601
21.159,1929,2,51.1332
21.7178,1929,3,35.4047
24.7681,1929,4,65.4184
28.0372,1929,5,197.306
27.5993,1929,6,212.383
27.1015,1929,7,307.946
27.1095,1929,8,246.803
26.1626,1929,9,304.67
24.8516,1929,10,207.602
21.9665,1929,11,96.4646
21.83,1929,12,123.939
17.9775,1930,1,20.1321
20.843,1930,2,45.9573
21.1637,1930,3,42.8068
26.5406,1930,4,94.6376
26.97,1930,5,220.309
27.5333,1930,6,214.669
27.3791,1930,7,234.358
27.0379,1930,8,231.557
25.8204,1930,9,220.743
24.8271,1930,10,123.011
23.0156,1930,11,170.344
21.3176,1930,12,49.5406
20.7358,1931,1,34.456
22.4036,1931,2,31.5782
23.5093,1931,3,20.5265
27.3651,1931,4,44.7925
27.9734,1931,5,141.451
28.2249,1931,6,235.028
27.3724,1931,7,248.834
27.4723,1931,8,276.803
26.1062,1931,9,246.852
23.3562,1931,10,182.984
22.1705,1931,11,85.587
20.6232,1931,12,50.3756
18.9438,1932,1,10.0511
19.4223,1932,2,38.0725
21.1113,1932,3,36.6421
25.7433,1932,4,84.244
28.1548,1932,5,132.375
27.6412,1932,6,204.775
26.9798,1932,7,259.478
27.345,1932,8,258.888
25.5666,1932,9,274.263
24.0112,1932,10,333.088
22.6985,1932,11,95.6466
19.7984,1932,12,37.1543
17.8952,1933,1,35.3956
21.1641,1933,2,29.4036
22.0227,1933,3,39.3073
26.629,1933,4,55.1317
27.1658,1933,5,173.753
27.8508,1933,6,174.35
27.0913,1933,7,263.296
27.0242,1933,8,218.072
26.472,1933,9,244.022
24.3924,1933,10,252.071
22.1385,1933,11,206.402
21.6002,1933,12,29.0882
17.9604,1934,1,11.8828
20.708,1934,2,56.3923
21.8809,1934,3,43.3529
24.4243,1934,4,60.5347
27.2684,1934,5,116.22
27.1547,1934,6,231.59
26.9375,1934,7,319.73
26.9232,1934,8,328.396
26.5738,1934,9,257.08
23.4867,1934,10,191.179
22.6142,1934,11,213.371
20.825,1934,12,57.9454
20.4565,1935,1,19.6565
21.6425,1935,2,39.9791
23.2669,1935,3,14.7121
25.8311,1935,4,43.9029
27.0002,1935,5,195.616
27.4898,1935,6,183.27
27.2227,1935,7,314.222
27.0409,1935,8,190.551
25.6769,1935,9,240.601
25.4572,1935,10,173.593
23.4926,1935,11,213.276
19.6739,1935,12,112.612
18.4575,1936,1,27.4304
20.9412,1936,2,24.1959
20.1724,1936,3,37.9357
25.834,1936,4,37.8698
26.8647,1936,5,152.429
27.1557,1936,6,216.941
27.0363,1936,7,237.367
26.7778,1936,8,346.019
25.8206,1936,9,255.869
23.6201,1936,10,150.765
23.2127,1936,11,80.9889
21.5663,1936,12,72.2895
20.2019,1937,1,41.7636
21.2271,1937,2,53.3205
23.4146,1937,3,11.2434
26.1427,1937,4,53.9171
26.7551,1937,5,193.068
27.1068,1937,6,188.31
26.9922,1937,7,246.202
26.7505,1937,8,321.046
26.1223,1937,9,278.324
24.8498,1937,10,143.887
22.7203,1937,11,110.772
21.4383,1937,12,63.3307
20.319,1938,1,14.5836
20.8241,1938,2,20.9255
21.4985,1938,3,15.827
25.4814,1938,4,60.4361
26.379,1938,5,146.007
27.2996,1938,6,214.523
26.5803,1938,7,252.637
26.6128,1938,8,280.744
26.1981,1938,9,288.84
24.6157,1938,10,299.608
22.0246,1938,11,76.2557
21.2453,1938,12,43.5625
19.985,1939,1,17.223
21.2525,1939,2,31.9604
22.6728,1939,3,36.8148
24.6746,1939,4,52.3682
26.7349,1939,5,129.439
26.9823,1939,6,195.422
27.154,1939,7,311.489
26.8794,1939,8,330.333
25.7482,1939,9,325.138
24.9427,1939,10,149.853
23.3696,1939,11,164.525
18.3399,1939,12,28.0971
18.6491,1940,1,7.3929
21.0729,1940,2,15.3306
22.2624,1940,3,29.6858
24.9987,1940,4,48.388
26.7184,1940,5,165.559
27.4059,1940,6,197.674
27.4297,1940,7,293.258
26.715,1940,8,260.936
26.6463,1940,9,304.948
25.4413,1940,10,169.959
22.9433,1940,11,204.95
22.018,1940,12,40.7774
22.4625,1941,1,9.91701
22.5177,1941,2,27.1684
22.9915,1941,3,28.7968
25.7081,1941,4,68.2371
27.1145,1941,5,191.81
27.0946,1941,6,264.869
27.5476,1941,7,305.046
26.8881,1941,8,300.364
25.8418,1941,9,229.46
24.4897,1941,10,285.679
22.7154,1941,11,144.663
21.4047,1941,12,104.768
20.2217,1942,1,20.7474
21.5084,1942,2,21.9495
23.2954,1942,3,71.2139
25.4654,1942,4,98.805
26.8614,1942,5,133.996
27.2278,1942,6,254.37
26.8383,1942,7,239.318
26.5821,1942,8,251.567
26.4685,1942,9,177.717
24.9388,1942,10,287.344
23.3327,1942,11,130.93
20.6908,1942,12,72.1321
19.192,1943,1,12.9288
20.5195,1943,2,14.9516
22.7081,1943,3,48.805
24.8667,1943,4,103.839
27.0865,1943,5,139.367
27.258,1943,6,188.272
27.106,1943,7,244.867
26.5918,1943,8,304.312
26.3345,1943,9,275.104
25.2382,1943,10,151.378
22.4729,1943,11,140.753
20.4722,1943,12,72.9583
20.6727,1944,1,31.522
21.0461,1944,2,18.4373
22.7601,1944,3,16.1635
25.9034,1944,4,77.2718
26.3863,1944,5,173.749
27.0021,1944,6,204.048
27.2214,1944,7,254.998
26.6545,1944,8,351.924
26.3151,1944,9,224.547
24.4527,1944,10,324.37
22.7925,1944,11,212.886
18.2164,1944,12,64.086
19.1859,1945,1,29.3748
19.2883,1945,2,28.2109
21.8852,1945,3,32.4914
25.0775,1945,4,70.2638
26.1077,1945,5,208.976
27.4587,1945,6,278.014
27.3159,1945,7,198.92
26.8971,1945,8,361.416
26.4633,1945,9,352.63
23.8965,1945,10,126.243
23.7971,1945,11,236.292
20.5451,1945,12,73.7124
20.2428,1946,1,12.4865
21.4644,1946,2,11.4236
23.1751,1946,3,27.429
26.0307,1946,4,79.4929
26.6991,1946,5,239.019
27.5713,1946,6,227.448
26.7619,1946,7,288.481
26.7645,1946,8,295.093
26.3062,1946,9,239.455
24.3957,1946,10,264.349
23.0802,1946,11,115.59
21.1434,1946,12,42.0222
21.6732,1947,1,46.2888
20.4248,1947,2,12.9099
22.0653,1947,3,46.3048
24.2624,1947,4,106.132
27.3209,1947,5,150.247
27.049,1947,6,244.669
26.914,1947,7,343.111
27.015,1947,8,212.042
26.1897,1947,9,265.018
24.2199,1947,10,149.041
22.4661,1947,11,87.1868
20.3134,1947,12,44.1613
19.8484,1948,1,8.17599
21.743,1948,2,27.8435
22.9013,1948,3,44.7903
25.3576,1948,4,95.181
26.8326,1948,5,218.879
27.5233,1948,6,220.292
26.8977,1948,7,274.978
26.952,1948,8,284.89
26.205,1948,9,245.094
24.7128,1948,10,201.705
21.298,1948,11,89.3474
21.6611,1948,12,47.2336
19.2245,1949,1,9.1731
21.3711,1949,2,28.5444
22.3166,1949,3,29.2816
25.0459,1949,4,86.6358
27.0106,1949,5,140.376
27.4209,1949,6,199.17
27.2946,1949,7,212.931
27.0517,1949,8,295.589
26.4437,1949,9,381.194
24.8744,1949,10,260.077
22.7852,1949,11,240.586
20.9925,1949,12,63.2456
20.7413,1950,1,44.342
20.1045,1950,2,40.2018
22.9506,1950,3,16.0099
25.0293,1950,4,52.8408
26.8836,1950,5,187.613
26.8378,1950,6,266.47
26.9538,1950,7,208.643
26.738,1950,8,257.701
25.997,1950,9,259.092
24.6382,1950,10,315.713
22.5099,1950,11,138.74
19.4495,1950,12,30.5932
19.2228,1951,1,28.2552
20.9909,1951,2,9.89431
21.3759,1951,3,40.0835
25.2727,1951,4,69.5387
26.6115,1951,5,170.409
26.5565,1951,6,271.379
26.8675,1951,7,187.883
26.9314,1951,8,317.969
26.1106,1951,9,248.647
24.6268,1951,10,342.208
22.8152,1951,11,215.261
20.7377,1951,12,43.4312
20.1246,1952,1,8.62317
21.6591,1952,2,18.5838
22.7164,1952,3,59.2625
25.525,1952,4,77.0936
27.6431,1952,5,121.345
27.3131,1952,6,218.552
27.0279,1952,7,295.145
26.6112,1952,8,291.797
25.7729,1952,9,283.42
24.5097,1952,10,299.681
23.0735,1952,11,125.311
19.0405,1952,12,34.2702
20.0347,1953,1,63.7258
20.9042,1953,2,41.6708
22.8064,1953,3,63.2594
24.616,1953,4,54.6811
26.6252,1953,5,218.551
26.9854,1953,6,280.698
27.3183,1953,7,202.472
27.165,1953,8,289.45
25.6858,1953,9,214.603
25.5259,1953,10,215.955
22.8096,1953,11,151.3
20.5556,1953,12,67.1577
21.3148,1954,1,71.7646
21.1919,1954,2,22.0982
20.7459,1954,3,80.4583
25.8799,1954,4,64.1059
26.816,1954,5,185.541
27.2678,1954,6,188.821
27.6029,1954,7,194.582
26.862,1954,8,318.111
25.8635,1954,9,293.847
24.2166,1954,10,169.63
22.4526,1954,11,65.9234
19.1727,1954,12,40.0483
17.7019,1955,1,10.6629
21.6682,1955,2,5.92379
22.7183,1955,3,38.7776
24.6367,1955,4,59.0041
27.1476,1955,5,202.501
26.7044,1955,6,232.341
26.9616,1955,7,182.859
26.4414,1955,8,302.819
26.414,1955,9,299.774
24.4321,1955,10,147.401
21.1205,1955,11,189.482
19.9951,1955,12,44.682
18.0729,1956,1,12.6827
21.3687,1956,2,60.3907
22.5903,1956,3,46.4481
25.4728,1956,4,87.3119
26.2336,1956,5,242.118
26.8207,1956,6,200.411
26.9298,1956,7,330.315
26.4081,1956,8,330.54
26.1103,1956,9,231.397
24.4196,1956,10,159.779
21.3528,1956,11,94.8356
19.5933,1956,12,28.1846
19.9781,1957,1,16.5506
19.0673,1957,2,24.8185
21.4906,1957,3,105.836
25.2066,1957,4,73.0314
27.2412,1957,5,150.467
26.5876,1957,6,221.549
27.0133,1957,7,254.498
26.9888,1957,8,213.83
26.1092,1957,9,189.699
24.1313,1957,10,231.771
23.146,1957,11,114.019
21.6093,1957,12,28.5903
19.7549,1958,1,44.3655
19.6837,1958,2,39.4062
23.7243,1958,3,25.6713
26.6118,1958,4,48.1203
27.9558,1958,5,130.552
27.2611,1958,6,235.4
27.0144,1958,7,238.915
26.5977,1958,8,223.522
25.82,1958,9,286.886
23.9962,1958,10,231.245
21.4935,1958,11,69.39
20.181,1958,12,23.4729
19.0438,1959,1,13.9816
21.3627,1959,2,25.5618
21.1231,1959,3,58.1292
25.7793,1959,4,62.2848
26.696,1959,5,192.662
27.8151,1959,6,159.195
26.8217,1959,7,246.782
26.7273,1959,8,277.33
25.5741,1959,9,267.778
24.3858,1959,10,149.516
22.9884,1959,11,76.0674
21.6102,1959,12,74.5948
19.9235,1960,1,42.9277
20.6892,1960,2,15.1178
23.4656,1960,3,38.1167
25.1915,1960,4,24.6366
26.616,1960,5,167.332
27.4634,1960,6,201.088
26.7936,1960,7,297.743
27.0188,1960,8,298.016
25.9029,1960,9,278.579
24.3224,1960,10,290.829
23.1757,1960,11,181.341
19.7838,1960,12,49.495
18.8684,1961,1,16.7633
20.1151,1961,2,39.9448
22.5674,1961,3,49.9933
25.4686,1961,4,79.0586
26.7224,1961,5,161.609
27.0669,1961,6,216.878
27.0499,1961,7,238.33
26.7339,1961,8,320.406
25.7667,1961,9,357.624
24.7162,1961,10,296.755
22.3703,1961,11,154.074
20.9435,1961,12,105.554
17.6982,1962,1,27.8227
20.0487,1962,2,13.3585
21.6109,1962,3,48.0702
24.9484,1962,4,76.8722
27.0255,1962,5,155.254
26.76,1962,6,249.024
27.2278,1962,7,199.596
26.6305,1962,8,239.985
26.0034,1962,9,276.677
24.6097,1962,10,131.581
22.2231,1962,11,99.4453
19.9621,1962,12,27.7105
16.9022,1963,1,60.6225
19.4514,1963,2,12.1207
21.4207,1963,3,73.7313
25.2424,1963,4,39.6166
27.5782,1963,5,102.209
27.129,1963,6,232.851
26.7594,1963,7,287.643
26.8958,1963,8,271.739
26.7301,1963,9,300.933
24.5016,1963,10,234.959
23.571,1963,11,276.011
20.3118,1963,12,71.4485
20.3304,1964,1,29.4687
19.4918,1964,2,12.6635
22.0245,1964,3,34.9143
25.9938,1964,4,79.995
26.2458,1964,5,151.032
26.8504,1964,6,261.29
27.2768,1964,7,250.304
26.8687,1964,8,299.021
26.1119,1964,9,263.484
24.9152,1964,10,340.341
21.476,1964,11,165.577
19.2716,1964,12,53.5429
18.9415,1965,1,6.35306
21.5834,1965,2,17.487
21.5191,1965,3,22.8221
25.1663,1965,4,77.7146
26.5358,1965,5,167.692
26.4433,1965,6,306.222
26.8833,1965,7,270.686
26.656,1965,8,177.538
25.4667,1965,9,223.667
25.0273,1965,10,183.016
23.0334,1965,11,153.412
21.2138,1965,12,66.2776
21.17,1966,1,24.2137
22.2144,1966,2,11.913
23.2018,1966,3,96.842
25.685,1966,4,60.2959
25.9648,1966,5,170.643
26.7212,1966,6,264.742
26.9976,1966,7,239.49
26.5349,1966,8,226.016
25.4407,1966,9,204.929
24.993,1966,10,244.65
22.6771,1966,11,130.818
21.5523,1966,12,126.199
18.3702,1967,1,72.0911
19.2135,1967,2,16.7051
22.0908,1967,3,14.9655
24.7257,1967,4,88.283
27.198,1967,5,128.035
27.388,1967,6,198.301
27.0716,1967,7,282.757
26.9386,1967,8,204.428
25.4031,1967,9,266.015
23.6588,1967,10,142.971
22.5287,1967,11,167.032
18.8621,1967,12,35.6541
19.4646,1968,1,19.7309
18.117,1968,2,36.3795
22.004,1968,3,30.9603
24.0121,1968,4,60.0804
26.5141,1968,5,139.793
26.6478,1968,6,207.212
27.2136,1968,7,186.373
26.7745,1968,8,341.414
26.0382,1968,9,328.595
24.2031,1968,10,167.909
23.3394,1968,11,107.247
22.5255,1968,12,34.367
21.0705,1969,1,53.5427
20.3147,1969,2,22.6361
22.3887,1969,3,19.6954
25.5585,1969,4,69.8516
27.545,1969,5,180.842
27.0767,1969,6,206.231
27.0027,1969,7,277.698
26.7354,1969,8,210.241
26.1931,1969,9,247.992
25.0293,1969,10,170.468
21.2686,1969,11,89.4762
19.3018,1969,12,39.4452
19.3506,1970,1,44.1394
21.2954,1970,2,36.7697
21.9056,1970,3,105.861
24.5036,1970,4,76.8441
26.6645,1970,5,172.554
26.8079,1970,6,228.048
26.7906,1970,7,221.354
26.3176,1970,8,277.204
25.7028,1970,9,268.33
23.8125,1970,10,152.543
21.8679,1970,11,170.215
21.0959,1970,12,264.869
17.9642,1971,1,13.5955
19.6489,1971,2,32.1053
21.4407,1971,3,18.3556
25.3796,1971,4,61.7997
26.7587,1971,5,190.003
26.6945,1971,6,254.722
26.6698,1971,7,332.039
26.1227,1971,8,341.976
26.2802,1971,9,234.766
23.3858,1971,10,205.593
20.9406,1971,11,69.843
20.2539,1971,12,113.912
18.6251,1972,1,47.2953
20.3887,1972,2,42.804
21.7258,1972,3,25.2106
23.6969,1972,4,81.4564
27.3367,1972,5,151.225
27.1937,1972,6,209.444
27.0745,1972,7,235.879
26.2675,1972,8,366.248
25.9732,1972,9,239.557
25.4388,1972,10,221.025
23.1756,1972,11,225.688
20.9914,1972,12,206.736
19.8085,1973,1,13.5547
22.8649,1973,2,14.1375
23.623,1973,3,40.9721
26.6165,1973,4,100.283
27.2635,1973,5,191.393
27.5014,1973,6,195
27.0269,1973,7,270.141
26.8035,1973,8,278.58
25.9416,1973,9,340.563
24.2796,1973,10,199.971
21.521,1973,11,165.414
19.1996,1973,12,34.0581
18.7975,1974,1,24.6507
19.2326,1974,2,17.5783
20.759,1974,3,48.985
24.5902,1974,4,91.247
26.8973,1974,5,145.679
26.8644,1974,6,225.076
26.9615,1974,7,235.788
26.4851,1974,8,263.313
26.3048,1974,9,199.708
24.597,1974,10,297.075
22.5401,1974,11,287.938
20.5676,1974,12,69.3372
19.9756,1975,1,125.846
21.3986,1975,2,67.0251
22.9161,1975,3,34.9644
25.9586,1975,4,66.1848
26.6659,1975,5,211.233
26.8423,1975,6,230.507
26.9637,1975,7,212.028
26.5639,1975,8,302.727
26.3012,1975,9,263.255
24.5087,1975,10,185.692
21.5676,1975,11,157.532
18.0094,1975,12,96.3735
18.3096,1976,1,11.1065
21.0125,1976,2,30.9359
21.4462,1976,3,38.3145
24.7182,1976,4,84.9112
26.5383,1976,5,164.889
26.7607,1976,6,187.168
26.8858,1976,7,203.204
26.4881,1976,8,234.414
25.7708,1976,9,250.884
24.5713,1976,10,230.989
20.7945,1976,11,131.218
20.5994,1976,12,35.7602
18.6237,1977,1,39.7984
18.6284,1977,2,8.17531
22.0028,1977,3,13.5164
25.2299,1977,4,65.1937
27.234,1977,5,97.967
28.0894,1977,6,170.78
27.014,1977,7,372.285
27.0262,1977,8,204.762
25.6875,1977,9,243.936
24.841,1977,10,174.588
21.9774,1977,11,99.6481
21.2626,1977,12,96.4195
20.2368,1978,1,45.7477
20.5797,1978,2,19.1125
22.9835,1978,3,40.2511
25.0496,1978,4,78.3761
26.3289,1978,5,201.661
27.043,1978,6,292.79
26.9158,1978,7,268.256
26.6568,1978,8,297.692
25.3144,1978,9,380.762
24.0808,1978,10,226.037
22.4643,1978,11,135.493
21.3173,1978,12,26.9429
21.2204,1979,1,20.3164
22.4333,1979,2,37.0601
23.3757,1979,3,17.6979
25.2898,1979,4,90.0614
26.3374,1979,5,226.072
26.9379,1979,6,295.367
27.5876,1979,7,194.324
26.787,1979,8,321.077
25.9927,1979,9,290.969
23.7811,1979,10,112.053
21.7453,1979,11,64.5246
21.3295,1979,12,30.5379
20.4279,1980,1,44.148
20.2713,1980,2,32.3736
23.6651,1980,3,22.0575
25.8562,1980,4,77.965
26.9428,1980,5,170.399
27.1611,1980,6,209.781
27.2487,1980,7,290.043
26.9018,1980,8,297.42
25.6612,1980,9,293.439
24.8145,1980,10,228.28
23.0793,1980,11,146.679
20.8345,1980,12,48.8457
19.2481,1981,1,21.0912
21.4908,1981,2,25.6567
22.9911,1981,3,35.2458
25.4189,1981,4,87.5979
26.0226,1981,5,193.261
26.6121,1981,6,258.401
26.6934,1981,7,233.524
27.4885,1981,8,247.904
26.7703,1981,9,189.447
24.5828,1981,10,252.046
22.5124,1981,11,247.691
19.1709,1981,12,25.2598
19.9368,1982,1,19.8096
20.832,1982,2,30.8827
22.988,1982,3,27.517
24.076,1982,4,83.2011
26.7501,1982,5,112.553
26.8214,1982,6,195.396
27.0976,1982,7,219.49
26.6605,1982,8,291.473
25.7068,1982,9,318.709
25.3032,1982,10,210.566
23.532,1982,11,210.317
18.8768,1982,12,55.1107
18.7402,1983,1,37.0237
20.9087,1983,2,22.6878
21.6707,1983,3,33.1446
26.8556,1983,4,45.6253
27.9283,1983,5,157.474
27.6282,1983,6,172.871
28.1474,1983,7,275.047
27.308,1983,8,253.341
26.8223,1983,9,221.972
25.0676,1983,10,394.969
21.6503,1983,11,139.66
19.3377,1983,12,97.918
18.1107,1984,1,5.83717
20.1847,1984,2,11.4614
22.0275,1984,3,17.4152
25.9697,1984,4,87.9557
26.1519,1984,5,191.054
26.8068,1984,6,243.032
26.9391,1984,7,194.143
26.7445,1984,8,321.972
25.6557,1984,9,242.002
23.8394,1984,10,289.055
22.9831,1984,11,218.654
20.5,1984,12,46.5094
19.5221,1985,1,67.3063
21.3608,1985,2,29.1397
20.7962,1985,3,36.9321
24.2176,1985,4,103.16
26.62,1985,5,151.181
27.0034,1985,6,187.898
26.6467,1985,7,178.983
26.7865,1985,8,311.568
25.555,1985,9,283.809
24.6223,1985,10,251.037
23.2286,1985,11,156.52
20.3262,1985,12,27.6433
19.2157,1986,1,11.0462
20.6171,1986,2,9.809
21.9043,1986,3,8.60206
25.4043,1986,4,121.734
26.316,1986,5,291.203
27.0843,1986,6,270.942
26.7781,1986,7,294.939
27.0058,1986,8,253.733
26.0325,1986,9,271.331
24.4336,1986,10,291.242
22.2228,1986,11,187.273
21.0684,1986,12,98.2771
20.5309,1987,1,11.4246
21.8699,1987,2,12.2196
23.3418,1987,3,20.401
25.5264,1987,4,59.3829
27.4401,1987,5,144.906
27.5479,1987,6,184.097
27.5459,1987,7,288.798
27.1701,1987,8,265.338
26.1097,1987,9,251.228
25.5938,1987,10,167.644
23.4043,1987,11,148.794
18.8923,1987,12,26.1798
20.9191,1988,1,37.0765
21.2215,1988,2,38.3777
21.754,1988,3,18.9729
24.5852,1988,4,55.5371
27.047,1988,5,208.783
27.2909,1988,6,159.065
27.3476,1988,7,183.077
26.7426,1988,8,239.23
26.3219,1988,9,173.549
24.0191,1988,10,436.864
21.6596,1988,11,107.926
20.5643,1988,12,30.9584
19.9013,1989,1,39.5623
20.2072,1989,2,6.98347
21.3755,1989,3,71.3583
25.6372,1989,4,56.2046
26.3981,1989,5,204.482
27.0081,1989,6,268.449
27.2654,1989,7,239.45
27.1261,1989,8,179.612
26.508,1989,9,236.607
24.9172,1989,10,254.702
22.7828,1989,11,83.563
20.5588,1989,12,55.3055
20.6366,1990,1,31.5395
21.2421,1990,2,65.8165
21.701,1990,3,65.6968
25.5608,1990,4,63.8932
25.9814,1990,5,193.941
27.0902,1990,6,240.437
26.9124,1990,7,323.093
27.6215,1990,8,188.221
26.539,1990,9,290.523
24.8785,1990,10,210.815
23.3786,1990,11,231.05
21.404,1990,12,29.233
21.2641,1991,1,18.118
21.7298,1991,2,14.8579
23.9737,1991,3,46.4984
26.2745,1991,4,36.1466
27.4259,1991,5,107.401
27.5647,1991,6,238.163
27.2983,1991,7,253.61
26.9164,1991,8,270.235
26.7628,1991,9,232.92
24.6845,1991,10,197.934
22.4586,1991,11,105.337
21.3386,1991,12,79.4345
18.9462,1992,1,142.585
20.5247,1992,2,53.1401
22.7815,1992,3,36.6519
26.8073,1992,4,35.3283
27.6538,1992,5,116.384
27.4563,1992,6,209.271
26.9516,1992,7,319.908
27.3955,1992,8,187.041
26.7272,1992,9,221.532
23.8913,1992,10,160.365
21.7671,1992,11,83.6364
21.4601,1992,12,96.1109
19.0534,1993,1,24.8236
21.2081,1993,2,31.2285
22.6215,1993,3,35.1611
25.4837,1993,4,76.2163
27.0579,1993,5,174.115
27.9814,1993,6,211.718
27.5191,1993,7,196.471
27.2252,1993,8,268.77
26.504,1993,9,241.719
24.4762,1993,10,167.781
23.0068,1993,11,119.581
20.198,1993,12,72.4858
20.9519,1994,1,13.2944
22.3773,1994,2,32.9093
21.149,1994,3,62.2816
26.6498,1994,4,35.6912
27.5385,1994,5,235.487
26.9911,1994,6,248.917
27.0498,1994,7,405.597
26.9347,1994,8,302.481
26.2905,1994,9,320.645
24.3455,1994,10,204.564
23.3644,1994,11,138.529
22.2432,1994,12,103.222
19.9174,1995,1,33.7922
20.1029,1995,2,21.7449
22.3825,1995,3,30.9501
26.6082,1995,4,39.9035
27.1686,1995,5,151.754
27.8195,1995,6,229.87
27.2684,1995,7,330.118
27.1137,1995,8,287.467
26.584,1995,9,227.125
25.3163,1995,10,218.123
22.4686,1995,11,226.792
20.3245,1995,12,35.174
20.0181,1996,1,21.7386
19.4103,1996,2,17.3055
22.3833,1996,3,57.5022
24.0762,1996,4,86.9718
26.4539,1996,5,152.643
27.344,1996,6,203.677
27.3193,1996,7,221.349
27.1661,1996,8,288.609
26.3696,1996,9,348.562
25.1223,1996,10,207.102
23.4286,1996,11,276.233
20.4298,1996,12,38.6427
20.15,1997,1,60.4016
20.2543,1997,2,24.7278
22.4195,1997,3,72.0989
24.6844,1997,4,115.976
27.1732,1997,5,158.51
27.6041,1997,6,182.177
26.9861,1997,7,310.72
27.3201,1997,8,245.088
25.8838,1997,9,220.01
25.9285,1997,10,238.346
23.9431,1997,11,81.0013
22.3844,1997,12,101.692
21.5527,1998,1,20.8839
22.4171,1998,2,47.1918
23.8282,1998,3,35.0868
26.7089,1998,4,77.234
27.9538,1998,5,146.659
27.929,1998,6,247.579
27.7233,1998,7,218.192
27.7586,1998,8,244.635
27.0006,1998,9,249.119
25.8023,1998,10,169.381
23.6378,1998,11,215.888
21.7578,1998,12,100.497
20.4104,1999,1,64.4466
21.8445,1999,2,15.4733
23.1617,1999,3,37.9691
25.6748,1999,4,84.0535
25.8575,1999,5,234.418
27.2385,1999,6,219.997
27.2233,1999,7,294.207
27.0586,1999,8,289.914
26.4061,1999,9,241.294
25.2426,1999,10,255.414
22.707,1999,11,390.544
18.8341,1999,12,115.409
20.8595,2000,1,30.9587
20.0468,2000,2,33.7771
22.2888,2000,3,23.422
25.4443,2000,4,98.7361
26.2898,2000,5,202.395
26.748,2000,6,213.541
27.2957,2000,7,331.229
27.5865,2000,8,213.767
26.3237,2000,9,227.674
25.0409,2000,10,327.404
22.2276,2000,11,84.2797
21.8343,2000,12,41.7905
21.5704,2001,1,30.8024
21.4537,2001,2,25.0334
22.4806,2001,3,72.9405
26.5472,2001,4,61.0906
26.4012,2001,5,202.449
27.0755,2001,6,212.585
27.4136,2001,7,350.803
27.301,2001,8,342.963
26.7575,2001,9,241.42
25.4637,2001,10,244.479
21.6265,2001,11,234.133
20.8035,2001,12,69.4084
20.1471,2002,1,20.0285
22.0605,2002,2,21.6108
23.3405,2002,3,58.0542
26.3616,2002,4,60.3292
26.8793,2002,5,209.927
27.6931,2002,6,245.751
27.6522,2002,7,338.752
26.8419,2002,8,297.607
25.8749,2002,9,260.997
24.9864,2002,10,222.83
23.2328,2002,11,131.848
22.1441,2002,12,244.606
19.8417,2003,1,34.9598
22.3942,2003,2,31.1657
22.4349,2003,3,45.2812
26.6682,2003,4,61.8224
27.8025,2003,5,166.842
27.4849,2003,6,195.692
27.754,2003,7,177.339
27.6758,2003,8,331.326
26.232,2003,9,323.851
25.1789,2003,10,141.691
23.6439,2003,11,65.44
20.4516,2003,12,25.8375
20.4061,2004,1,63.1595
20.6649,2004,2,34.795
22.8187,2004,3,28.3406
25.7764,2004,4,83.6009
26.9525,2004,5,179.468
27.3588,2004,6,196.401
26.9753,2004,7,330.533
27.4352,2004,8,240.816
26.3474,2004,9,202.711
24.5783,2004,10,124.673
23.5518,2004,11,104.94
20.8583,2004,12,29.0932
19.9792,2005,1,17.6684
22.509,2005,2,17.5921
21.8137,2005,3,46.8319
25.8387,2005,4,58.298
27.6449,2005,5,159.018
27.9064,2005,6,301.711
27.6919,2005,7,298.041
27.3238,2005,8,302.94
26.9138,2005,9,334.111
24.3,2005,10,123.213
23.6483,2005,11,269.098
20.2844,2005,12,90.7911
20.7224,2006,1,19.2989
21.8758,2006,2,27.6812
22.6725,2006,3,49.0977
25.8928,2006,4,95.87
26.5647,2006,5,130.673
27.5302,2006,6,161.968
27.6337,2006,7,292.339
26.93,2006,8,262.601
26.3518,2006,9,199.604
25.732,2006,10,331.972
24.4112,2006,11,154.444
21.217,2006,12,26.1274
19.5742,2007,1,22.5017
22.3902,2007,2,24.0384
23.3527,2007,3,37.4312
24.9302,2007,4,79.6929
26.3317,2007,5,157.212
27.7517,2007,6,303.573
27.5326,2007,7,237.151
26.721,2007,8,275.663
26.0802,2007,9,237.357
24.7519,2007,10,371.163
21.5031,2007,11,140.922
22.0848,2007,12,33.6849
19.408,2008,1,26.5981
18.03,2008,2,29.5154
22.0917,2008,3,43.185
25.7844,2008,4,84.5471
26.1936,2008,5,155.263
26.7034,2008,6,248.361
27.2563,2008,7,275.541
26.9459,2008,8,287.986
26.5736,2008,9,267.792
25.766,2008,10,300.932
22.2886,2008,11,212.103
20.3691,2008,12,81.8229
18.5874,2009,1,13.3308
23.3572,2009,2,14.991
22.7104,2009,3,61.4003
25.3695,2009,4,88.3187
26.5018,2009,5,198.963
27.4658,2009,6,197.629
27.4224,2009,7,264.549
27.8058,2009,8,209.888
26.9888,2009,9,276.696
25.8003,2009,10,226.089
22.9344,2009,11,110.196
21.7524,2009,12,69.4662
21.2829,2010,1,119.347
23.0028,2010,2,24.6918
23.3828,2010,3,17.6805
25.9156,2010,4,76.4054
27.9955,2010,5,129.848
27.6409,2010,6,170.972
27.6693,2010,7,231.421
27.181,2010,8,258.267
26.975,2010,9,208.884
24.6371,2010,10,210.198
22.7269,2010,11,105.954
21.5358,2010,12,70.3632
18.0561,2011,1,28.6263
21.121,2011,2,20.9222
19.6389,2011,3,59.1605
24.5324,2011,4,62.3041
26.5126,2011,5,155.895
27.3648,2011,6,276.433
27.6562,2011,7,253.884
27.2079,2011,8,258.946
26.2988,2011,9,338.789
24.546,2011,10,308.646
23.7394,2011,11,206.133
19.9897,2011,12,65.3421
19.9376,2012,1,63.5504
21.2647,2012,2,26.6722
22.66,2012,3,45.582
26.1824,2012,4,59.5025
27.5174,2012,5,232.993
27.4194,2012,6,234.206
27.4906,2012,7,277.347
27.4666,2012,8,298.421
26.4697,2012,9,212.025
25.7243,2012,10,269.287
24.3128,2012,11,397.858
22.4016,2012,12,54.3562
20.2787,2013,1,61.0331
22.9052,2013,2,45.2822
23.9591,2013,3,58.6912
25.9443,2013,4,72.3164
27.2649,2013,5,150.656
27.3868,2013,6,182.905
27.2,2013,7,259.541
27.3971,2013,8,274.068
25.9728,2013,9,283.283
24.4809,2013,10,240.616
23.375,2013,11,177.439
18.6481,2013,12,282.366
18.8903,2014,1,20.1041
20.5782,2014,2,14.8243
22.9839,2014,3,30.491
26.1655,2014,4,67.5097
27.0155,2014,5,100.506
27.994,2014,6,232.4
27.3625,2014,7,297.145
27.2949,2014,8,226.706
26.9982,2014,9,272.555
25.6917,2014,10,173.593
24.0814,2014,11,166.37
20.3978,2014,12,60.7189
19.9524,2015,1,39.6747
21.5853,2015,2,18.5884
23.5692,2015,3,32.7659
25.8273,2015,4,48.371
28.4432,2015,5,106.235
28.5632,2015,6,194.546
27.455,2015,7,265.695
27.5118,2015,8,279.796
27.0807,2015,9,270.979
25.3536,2015,10,210.218
24.7644,2015,11,177.599
22.0768,2015,12,93.3196
